_id,Name,Address,Mobile No,Birth Date,Gender,Password,Email
johnsmith90,John Smith,123 Main Street,+1 (555) 555-1234,01.01.1990,Male,Xyz123!,john.smith@example.com
janedoe85,Jane Doe,456 Elm Avenue,+1 (555) 555-5678,15.02.1985,Female,Abc456!,jane.doe@example.com
mjohnson95,Michael Johnson,789 Oak Drive,+1 (555) 555-9012,20.03.1995,Male,Pqr789!,michael.johnson@example.com
emilyw88,Emily Williams,321 Maple Lane,+1 (555) 555-3456,10.04.1988,Female,Mno234!,emily.williams@example.com
jamesbrown82,James Brown,555 Pine Road,+1 (555) 555-6789,05.05.1982,Male,Jkl567!,james.brown@example.com
sdavis92,Sarah Davis,777 Cedar Street,+1 (555) 555-4321,25.06.1992,Female,Def890!,sarah.davis@example.com
robmill97,Robert Miller,888 Birch Avenue,+1 (555) 555-7890,12.07.1997,Male,Ghi456!,robert.miller@example.com
jwilson93,Jessica Wilson,999 Willow Court,+1 (555) 555-2345,08.08.1993,Female,Abc123!,jessica.wilson@example.com
wanderson86,William Anderson,111 Cherry Lane,+1 (555) 555-8765,18.09.1986,Male,Jkl321!,william.anderson@example.com
lauram91,Laura Martinez,222 Rose Circle,+1 (555) 555-5432,30.10.1991,Female,Xyz789!,laura.martinez@example.com
chrislee98,Christopher Lee,333 Violet Road,+1 (555) 555-6789,05.11.1998,Male,Mno567!,christopher.lee@example.com
amandat84,Amanda Thomas,444 Daisy Avenue,+1 (555) 555-9012,15.12.1984,Female,Pqr123!,amanda.thomas@example.com
